,EventTemplate
0,Component State Change: Component <*> is in the unavailable state (HWID<*>)
1,Component State Change: Component <*> is in the unavailable state (HWID<*>)
2,Component State Change: Component <*> is in the unavailable state (HWID<*>)
3,Component State Change: Component <*> is in the unavailable state (HWID<*>)
4,Component State Change: Component <*> is in the unavailable state (HWID<*>)
5,Component State Change: Component <*> is in the unavailable state (HWID<*>)
6,Component State Change: Component <*> is in the unavailable state (HWID<*>)
7,Component State Change: Component <*> is in the unavailable state (HWID<*>)
8,Component State Change: Component <*> is in the unavailable state (HWID<*>)
9,Component State Change: Component <*> is in the unavailable state (HWID<*>)
10,Component State Change: Component <*> is in the unavailable state (HWID<*>)
11,Component State Change: Component <*> is in the unavailable state (HWID<*>)
12,clusterAddMember (command <*> _ _ _
13,clusterAddMember (command <*> _ _ _
14,risBoot (command 1903) _ _ _
15,bootGenvmunix (command <*> _ _ _
16,boot (command <*> _ _ _
17,boot (command <*> _ _ _
18,boot (command <*> _ _ _
19,boot (command <*> _ _ _
20,wait (command <*> _ _ _
21,boot (command <*> _ _ _
22,halt (command <*> _ _ _
23,boot (command <*> _ _ _
24,boot (command <*> _ _ _
25,wait (command <*> _ _ _
26,wait (command <*> _ _ _
27,boot (command <*> _ _ _
28,wait (command <*> _ _ _
29,boot (command <*> _ _ _
30,boot (command <*> _ _ _
31,boot (command <*> _ _ _
32,halt (command <*> _ _ _
33,wait (command <*> _ _ _
34,wait (command <*> _ _ _
35,wait (command <*> _ _ _
36,wait (command <*> _ _ _
37,boot (command <*> _ _ _
38,wait (command <*> _ _ _
39,wait (command <*> _ _ _
40,wait (command <*> _ _ _
41,wait (command <*> _ _ _
42,boot (command <*> _ _ _
43,boot (command <*> _ _ _
44,boot (command <*> _ _ _
45,wait (command <*> _ _ _
46,wait (command <*> _ _ _
47,wait (command <*> _ _ _
48,boot (command <*> _ _ _
49,boot (command <*> _ _ _
50,boot (command <*> _ _ _
51,boot (command <*> _ _ _
52,boot (command <*> _ _ _
53,wait (command <*> _ _ _
54,wait (command <*> _ _ _
55,boot (command <*> _ _ _
56,wait (command <*> _ _ _
57,boot (command <*> _ _ _
58,wait (command <*> _ _ _
59,boot (command <*> _ _ _
60,wait (command <*> _ _ _
61,wait (command <*> _ _ _
62,boot (command <*> _ _ _
63,wait (command <*> _ _ _
64,boot (command <*> _ _ _
65,wait (command <*> _ _ _
66,boot (command <*> _ _ _
67,boot (command <*> _ _ _
68,boot (command <*> _ _ _
69,boot (command <*> _ _ _
70,boot (command <*> _ _ _
71,wait (command <*> _ _ _
72,boot (command <*> _ _ _
73,wait (command <*> _ _ _
74,boot (command <*> _ _ _
75,boot (command <*> _ _ _
76,boot (command <*> _ _ _
77,wait (command <*> _ _ _
78,boot (command <*> _ _ _
79,wait (command <*> _ _ _
80,wait (command <*> _ _ _
81,wait (command <*> _ _ _
82,boot (command <*> _ _ _
83,wait (command <*> _ _ _
84,wait (command <*> _ _ _
85,wait (command <*> _ _ _
86,wait (command <*> _ _ _
87,wait (command <*> _ _ _
88,wait (command <*> _ _ _
89,boot (command <*> _ _ _
90,wait (command <*> _ _ _
91,boot (command <*> _ _ _
92,halt (command <*> _ _ _
93,wait (command <*> _ _ _
94,wait (command <*> _ _ _
95,wait (command <*> _ _ _
96,wait (command <*> _ _ _
97,boot (command <*> _ _ _
98,boot (command <*> _ _ _
99,boot (command <*> _ _ _
100,boot (command <*> _ _ _
101,boot (command <*> _ _ _
102,boot (command <*> _ _ _
103,boot (command <*> _ _ _
104,wait (command <*> _ _ _
105,wait (command <*> _ _ _
106,boot (command <*> _ _ _
107,wait (command <*> _ _ _
108,boot (command <*> _ _ _
109,boot (command <*> _ _ _
110,wait (command <*> _ _ _
111,wait (command <*> _ _ _
112,wait (command <*> _ _ _
113,boot (command <*> _ _ _
114,boot (command <*> _ _ _
115,boot (command <*> _ _ _
116,boot (command <*> _ _ _
117,boot (command <*> _ _ _
118,wait (command <*> _ _ _
119,boot (command <*> _ _ _
120,wait (command <*> _ _ _
121,boot (command <*> _ _ _
122,wait (command <*> _ _ _
123,boot (command <*> _ _ _
124,wait (command <*> _ _ _
125,boot (command <*> _ _ _
126,wait (command <*> _ _ _
127,wait (command <*> _ _ _
128,wait (command <*> _ _ _
129,wait (command <*> _ _ _
130,boot (command <*> _ _ _
131,boot (command <*> _ _ _
132,boot (command <*> _ _ _
133,boot (command <*> _ _ _
134,wait (command <*> _ _ _
135,wait (command <*> _ _ _
136,wait (command <*> _ _ _
137,boot (command <*> _ _ _
138,wait (command <*> _ _ _
139,wait (command <*> _ _ _
140,boot (command <*> _ _ _
141,wait (command <*> _ _ _
142,wait (command <*> _ _ _
143,boot (command <*> _ _ _
144,wait (command <*> _ _ _
145,boot (command <*> _ _ _
146,boot (command <*> _ _ _
147,wait (command <*> _ _ _
148,wait (command <*> _ _ _
149,bootGenvmunix (command <*> _ _ _
150,boot (command <*> _ _ _
151,wait (command <*> _ _ _
152,wait (command <*> _ _ _
153,Command has completed successfully _ _
154,Command has completed successfully _ _
155,Command has completed successfully _ _
156,Command has completed successfully _ _
157,Command has completed successfully _ _
158,Command has completed successfully _ _
159,Command has completed successfully _ _
160,Command has completed successfully _ _
161,Command has completed successfully _ _
162,Command has completed successfully _ _
163,Targeting <*> and <*> child of command <*>
164,Targeting <*> and <*> child of command <*>
165,Targeting <*> <*> <*> <*> <*>
166,Targeting <*> and <*> child of command <*>
167,Targeting <*> and <*> child of command <*>
168,Targeting <*> and <*> <*> <*>
169,Targeting domains:node-D[0\ 5] and nodes:node-[27\ 191]
170,Targeting <*> and <*> child of command <*>
171,Targeting <*> and <*> <*> <*>
172,psu failure\ ambient<*> _ _ _
173,psu failure\ ambient<*> _ _ _
174,psu failure\ ambient<*> _ _ _
175,psu failure\ ambient<*> _ _ _
176,psu failure\ ambient<*> _ _ _
177,Temperature (41C) exceeds warning threshold
178,Temperature (41C) exceeds warning threshold
179,ClusterFileSystem: There is no server for ServerFileSystem domain <*>
180,ClusterFileSystem: There is no server for ServerFileSystem domain <*>
181,ClusterFileSystem: There is no server for ServerFileSystem domain <*>
182,ClusterFileSystem: There is no server for ServerFileSystem domain <*>
183,ClusterFileSystem: There is no server for ServerFileSystem domain <*>
184,ClusterFileSystem: There is no server for ServerFileSystem domain <*>
185,ClusterFileSystem: There is no server for ServerFileSystem domain <*>
186,ClusterFileSystem: There is no server for ServerFileSystem domain <*>
187,ClusterFileSystem: There is no server for ServerFileSystem domain <*>
188,ClusterFileSystem: There is no server for ServerFileSystem domain <*>
189,ClusterFileSystem: There is no server for ServerFileSystem domain <*>
190,ClusterFileSystem: There is no server for ServerFileSystem domain <*>
191,ClusterFileSystem: There is no server for ServerFileSystem domain <*>
192,ClusterFileSystem: There is no server for ServerFileSystem domain <*>
193,ClusterFileSystem: There is no server for ServerFileSystem domain <*>
194,ClusterFileSystem: There is no server for ServerFileSystem domain <*>
195,ClusterFileSystem: There is no server for ServerFileSystem domain <*>
196,ClusterFileSystem: There is no server for ServerFileSystem domain <*>
197,ClusterFileSystem: There is no server for ServerFileSystem domain <*>
198,ClusterFileSystem: There is no server for ServerFileSystem domain <*>
199,ClusterFileSystem: There is no server for ServerFileSystem domain <*>
200,ClusterFileSystem: There is no server for ServerFileSystem domain <*>
201,ClusterFileSystem: There is no server for ServerFileSystem domain <*>
202,ClusterFileSystem: There is no server for ServerFileSystem domain <*>
203,ClusterFileSystem: There is no server for ServerFileSystem domain <*>
204,ClusterFileSystem: There is no server for ServerFileSystem domain <*>
205,ClusterFileSystem: There is no server for ServerFileSystem domain <*>
206,ClusterFileSystem: There is no server for ServerFileSystem domain <*>
207,ClusterFileSystem: There is no server for ServerFileSystem domain <*>
208,ClusterFileSystem: There is no server for ServerFileSystem domain <*>
209,ClusterFileSystem: There is no server for ServerFileSystem domain <*>
210,ClusterFileSystem: There is no server for ServerFileSystem domain <*>
211,NIFF: node <*> detected a failed network connection on network 5.5.224.0 via interface alt0
212,NIFF: node <*> detected a failed network connection on network 5.5.224.0 via interface alt0
213,ServerFileSystem: An ServerFileSystem domain panic has occurred on storage442
214,Fan speeds ( <*> <*> <*> <*> <*> <*> )
215,Fan speeds ( <*> <*> <*> <*> <*> <*> )
216,Fan speeds ( <*> <*> <*> <*> <*> <*> )
217,Fan speeds ( <*> <*> <*> <*> <*> <*> )
218,Fan speeds ( <*> <*> <*> <*> <*> <*> )
219,Fan speeds ( <*> <*> <*> <*> <*> <*> )
220,Fan speeds ( <*> <*> <*> <*> <*> <*> )
221,Fan speeds ( <*> <*> <*> <*> <*> <*> )
222,Fan speeds ( <*> <*> <*> <*> <*> <*> )
223,Fan speeds ( <*> <*> <*> <*> <*> <*> )
224,Fan speeds ( <*> <*> <*> <*> <*> <*> )
225,Fan speeds ( <*> <*> <*> <*> <*> <*> )
226,Fan speeds ( <*> <*> <*> <*> <*> <*> )
227,Fan speeds ( <*> <*> <*> <*> <*> <*> )
228,Fan speeds ( <*> <*> <*> <*> <*> <*> )
229,Fan speeds ( <*> <*> <*> <*> <*> <*> )
230,Fan speeds ( <*> <*> <*> <*> <*> <*> )
231,Fan speeds ( <*> <*> <*> <*> <*> <*> )
232,Fan speeds ( <*> <*> <*> <*> <*> <*> )
233,Fan speeds ( <*> <*> <*> <*> <*> <*> )
234,Fan speeds ( <*> <*> <*> <*> <*> <*> )
235,Fan speeds ( <*> <*> <*> <*> <*> <*> )
236,Fan speeds ( <*> <*> <*> <*> <*> <*> )
237,Fan speeds ( <*> <*> <*> <*> <*> <*> )
238,Fan speeds ( <*> <*> <*> <*> <*> <*> )
239,Fan speeds ( <*> <*> <*> <*> <*> <*> )
240,Fan speeds ( <*> <*> <*> <*> <*> <*> )
241,Fan speeds ( <*> <*> <*> <*> <*> <*> )
242,Fan speeds ( <*> <*> <*> <*> <*> <*> )
243,Fan speeds ( <*> <*> <*> <*> <*> <*> )
244,Fan speeds ( <*> <*> <*> <*> <*> <*> )
245,Fan speeds ( <*> <*> <*> <*> <*> <*> )
246,Fan speeds ( <*> <*> <*> <*> <*> <*> )
247,Fan speeds ( <*> <*> <*> <*> <*> <*> )
248,Fan speeds ( <*> <*> <*> <*> <*> <*> )
249,Fan speeds ( <*> <*> <*> <*> <*> <*> )
250,Fan speeds ( <*> <*> <*> <*> <*> <*> )
251,Fan speeds ( <*> <*> <*> <*> <*> <*> )
252,Fan speeds ( <*> <*> <*> <*> <*> <*> )
253,Fan speeds ( <*> <*> <*> <*> <*> <*> )
254,Fan speeds ( <*> <*> <*> <*> <*> <*> )
255,Fan speeds ( <*> <*> <*> <*> <*> <*> )
256,Fan speeds ( <*> <*> <*> <*> <*> <*> )
257,Fan speeds ( <*> <*> <*> <*> <*> <*> )
258,Fan speeds ( <*> <*> <*> <*> <*> <*> )
259,Fan speeds ( <*> <*> <*> <*> <*> <*> )
260,Fan speeds ( <*> <*> <*> <*> <*> <*> )
261,Fan speeds ( <*> <*> <*> <*> <*> <*> )
262,Fan speeds ( <*> <*> <*> <*> <*> <*> )
263,Fan speeds ( <*> <*> <*> <*> <*> <*> )
264,Fan speeds ( <*> <*> <*> <*> <*> <*> )
265,Fan speeds ( <*> <*> <*> <*> <*> <*> )
266,Fan speeds ( <*> <*> <*> <*> <*> <*> )
267,Fan speeds ( <*> <*> <*> <*> <*> <*> )
268,Fan speeds ( <*> <*> <*> <*> <*> <*> )
269,Fan speeds ( <*> <*> <*> <*> <*> <*> )
270,Fan speeds ( <*> <*> <*> <*> <*> <*> )
271,Fan speeds ( <*> <*> <*> <*> <*> <*> )
272,Fan speeds ( <*> <*> <*> <*> <*> <*> )
273,Fan speeds ( <*> <*> <*> <*> <*> <*> )
274,Fan speeds ( <*> <*> <*> <*> <*> <*> )
275,Fan speeds ( <*> <*> <*> <*> <*> <*> )
276,Fan speeds ( <*> <*> <*> <*> <*> <*> )
277,Fan speeds ( <*> <*> <*> <*> <*> <*> )
278,Fan speeds ( <*> <*> <*> <*> <*> <*> )
279,Fan speeds ( <*> <*> <*> <*> <*> <*> )
280,Fan speeds ( <*> <*> <*> <*> <*> <*> )
281,Fan speeds ( <*> <*> <*> <*> <*> <*> )
282,Fan speeds ( <*> <*> <*> <*> <*> <*> )
283,Fan speeds ( <*> <*> <*> <*> <*> <*> )
284,Fan speeds ( <*> <*> <*> <*> <*> <*> )
285,Fan speeds ( <*> <*> <*> <*> <*> <*> )
286,Fan speeds ( <*> <*> <*> <*> <*> <*> )
287,Fan speeds ( <*> <*> <*> <*> <*> <*> )
288,Fan speeds ( <*> <*> <*> <*> <*> <*> )
289,Fan speeds ( <*> <*> <*> <*> <*> <*> )
290,Fan speeds ( <*> <*> <*> <*> <*> <*> )
291,Fan speeds ( <*> <*> <*> <*> <*> <*> )
292,Fan speeds ( <*> <*> <*> <*> <*> <*> )
293,Fan speeds ( <*> <*> <*> <*> <*> <*> )
294,Fan speeds ( <*> <*> <*> <*> <*> <*> )
295,Fan speeds ( <*> <*> <*> <*> <*> <*> )
296,Fan speeds ( <*> <*> <*> <*> <*> <*> )
297,Fan speeds ( <*> <*> <*> <*> <*> <*> )
298,Fan speeds ( <*> <*> <*> <*> <*> <*> )
299,Fan speeds ( <*> <*> <*> <*> <*> <*> )
300,Fan speeds ( <*> <*> <*> <*> <*> <*> )
301,Fan speeds ( <*> <*> <*> <*> <*> <*> )
302,Fan speeds ( <*> <*> <*> <*> <*> <*> )
303,Fan speeds ( <*> <*> <*> <*> <*> <*> )
304,Command has been aborted _ _
305,power/control problem _ _ _ _
306,Link error _ _ _ _
307,Link error _ _ _ _
308,Link error _ _ _ _
309,Link error _ _ _ _
310,Link in reset _ _ _
311,Link error _ _ _ _
312,Link error _ _ _ _
313,Link error _ _ _ _
314,Link error _ _ _ _
315,Link error _ _ _ _
316,Link in reset _ _ _
317,Link ok _ _ _ _
318,Link error on broadcast tree <*>
319,Link error on broadcast tree <*>
320,Link error on broadcast tree <*>
321,Link error on broadcast tree <*>
322,ServerFileSystem: ServerFileSystem domain <*> is full
323,ServerFileSystem: ServerFileSystem domain <*> is full
324,ServerFileSystem: ServerFileSystem domain <*> is full
325,ServerFileSystem: ServerFileSystem domain <*> is full
326,ServerFileSystem: ServerFileSystem domain <*> is full
327,ServerFileSystem: ServerFileSystem domain <*> is full
328,ServerFileSystem: ServerFileSystem domain <*> is full
329,ServerFileSystem: ServerFileSystem domain <*> is full
330,ServerFileSystem: ServerFileSystem domain <*> is full
331,ServerFileSystem: ServerFileSystem domain <*> is full
332,ServerFileSystem: ServerFileSystem domain <*> is full
333,ServerFileSystem: ServerFileSystem domain <*> is full
334,ClusterFileSystem: ServerFileSystem domain <*> is no longer served by node <*>
335,ClusterFileSystem: ServerFileSystem domain <*> is no longer served by node <*>
336,ClusterFileSystem: ServerFileSystem domain <*> is no longer served by node <*>
337,ClusterFileSystem: ServerFileSystem domain <*> is no longer served by node <*>
338,ClusterFileSystem: ServerFileSystem domain <*> is no longer served by node <*>
339,ClusterFileSystem: ServerFileSystem domain <*> is no longer served by node <*>
340,ClusterFileSystem: ServerFileSystem domain <*> is no longer served by node <*>
341,ClusterFileSystem: ServerFileSystem domain <*> is no longer served by node <*>
342,ClusterFileSystem: ServerFileSystem domain <*> is no longer served by node <*>
343,ClusterFileSystem: ServerFileSystem domain <*> is no longer served by node <*>
344,ClusterFileSystem: ServerFileSystem domain <*> is no longer served by node <*>
345,ClusterFileSystem: ServerFileSystem domain <*> is no longer served by node <*>
346,ClusterFileSystem: ServerFileSystem domain <*> is no longer served by node <*>
347,ClusterFileSystem: ServerFileSystem domain <*> is no longer served by node <*>
348,ClusterFileSystem: ServerFileSystem domain <*> is no longer served by node <*>
349,ClusterFileSystem: ServerFileSystem domain <*> is no longer served by node <*>
350,ClusterFileSystem: ServerFileSystem domain <*> is no longer served by node <*>
351,ClusterFileSystem: ServerFileSystem domain <*> is no longer served by node <*>
352,ClusterFileSystem: ServerFileSystem domain <*> is no longer served by node <*>
353,ClusterFileSystem: ServerFileSystem domain <*> is no longer served by node <*>
354,ClusterFileSystem: ServerFileSystem domain <*> is no longer served by node <*>
355,ClusterFileSystem: ServerFileSystem domain <*> is no longer served by node <*>
356,ClusterFileSystem: ServerFileSystem domain <*> is no longer served by node <*>
357,ClusterFileSystem: ServerFileSystem domain <*> is no longer served by node <*>
358,ClusterFileSystem: ServerFileSystem domain <*> is no longer served by node <*>
359,ClusterFileSystem: ServerFileSystem domain <*> is no longer served by node <*>
360,ClusterFileSystem: ServerFileSystem domain <*> is no longer served by node <*>
361,ClusterFileSystem: ServerFileSystem domain <*> is no longer served by node <*>
362,ClusterFileSystem: ServerFileSystem domain <*> is no longer served by node <*>
363,ClusterFileSystem: ServerFileSystem domain <*> is no longer served by node <*>
364,ClusterFileSystem: ServerFileSystem domain <*> is no longer served by node <*>
365,ClusterFileSystem: ServerFileSystem domain <*> is no longer served by node <*>
366,ClusterFileSystem: ServerFileSystem domain <*> is no longer served by node <*>
367,ClusterFileSystem: ServerFileSystem domain <*> is no longer served by node <*>
368,ClusterFileSystem: ServerFileSystem domain <*> is no longer served by node <*>
369,ClusterFileSystem: ServerFileSystem domain <*> is no longer served by node <*>
370,running _ _ _ _ _
371,running _ _ _ _ _
372,running _ _ _ _ _
373,running _ _ _ _ _
374,running _ _ _ _ _
375,running _ _ _ _ _
376,running _ _ _ _ _
377,blocked _ _ _ _ _
378,blocked _ _ _ _ _
379,running _ _ _ _ _
380,running _ _ _ _ _
381,not responding _ _ _ _
382,not responding _ _ _ _
383,configured out _ _ _ _
384,running _ _ _ _ _
385,running _ _ _ _ _
386,running _ _ _ _ _
387,not responding _ _ _ _
388,not responding _ _ _ _
389,running _ _ _ _ _
390,not responding _ _ _ _
391,not responding _ _ _ _
392,configured out _ _ _ _
393,not responding _ _ _ _
394,running _ _ _ _ _
395,running _ _ _ _ _
396,running _ _ _ _ _
397,running _ _ _ _ _
398,not responding _ _ _ _
399,not responding _ _ _ _
400,not responding _ _ _ _
401,inconsistent nodesets <*> <*> <ok> <*> <*> <ok> <*> <*> <ok> <*> <*> <ok>
402,running _ _ _ _ _
403,running _ _ _ _ _
404,running _ _ _ _ _
405,running _ _ _ _ _
406,running _ _ _ _ _
407,running _ _ _ _ _
408,running _ _ _ _ _
409,configured out _ _ _ _
410,running _ _ _ _ _
411,active _ _ _ _ _
412,configured out _ _ _ _
413,running _ _ _ _ _
414,running _ _ _ _ _
415,configured out _ _ _ _
416,configured out _ _ _ _
417,configured out _ _ _ _
418,running _ _ _ _ _
419,configured out _ _ _ _
420,not responding _ _ _ _
421,running _ _ _ _ _
422,running _ _ _ _ _
423,configured out _ _ _ _
424,not responding _ _ _ _
425,running _ _ _ _ _
426,configured out _ _ _ _
427,not responding _ _ _ _
428,inconsistent nodesets <*> <*> <ok> <*> <*> <ok> <*> <*> <ok> <*> <*> <ok>
429,configured out _ _ _ _
430,not responding _ _ _ _
431,running _ _ _ _ _
432,configured out _ _ _ _
433,configured out _ _ _ _
434,configured out _ _ _ _
435,not responding _ _ _ _
436,configured out _ _ _ _
437,configured out _ _ _ _
438,running _ _ _ _ _
439,running _ _ _ _ _
440,running _ _ _ _ _
441,configured out _ _ _ _
442,configured out _ _ _ _
443,not responding _ _ _ _
444,not responding _ _ _ _
445,configured out _ _ _ _
446,running _ _ _ _ _
447,configured out _ _ _ _
448,configured out _ _ _ _
449,running _ _ _ _ _
450,not responding _ _ _ _
451,active _ _ _ _ _
452,running _ _ _ _ _
453,running _ _ _ _ _
454,configured out _ _ _ _
455,running _ _ _ _ _
456,configured out _ _ _ _
457,running _ _ _ _ _
458,running _ _ _ _ _
459,blocked _ _ _ _ _
460,not responding _ _ _ _
461,not responding _ _ _ _
462,running _ _ _ _ _
463,not responding _ _ _ _
464,not responding _ _ _ _
465,not responding _ _ _ _
466,running _ _ _ _ _
467,running _ _ _ _ _
468,running _ _ _ _ _
469,not responding _ _ _ _
470,running _ _ _ _ _
471,running _ _ _ _ _
472,configured out _ _ _ _
473,configured out _ _ _ _
474,running _ _ _ _ _
475,running _ _ _ _ _
476,not responding _ _ _ _
477,running _ _ _ _ _
478,running _ _ _ _ _
479,not responding _ _ _ _
480,configured out _ _ _ _
481,configured out _ _ _ _
482,configured out _ _ _ _
483,configured out _ _ _ _
484,configured out _ _ _ _
485,not responding _ _ _ _
486,not responding _ _ _ _
487,not responding _ _ _ _
488,running _ _ _ _ _
489,running _ _ _ _ _
490,configured out _ _ _ _
491,configured out _ _ _ _
492,configured out _ _ _ _
493,configured out _ _ _ _
494,running _ _ _ _ _
495,running _ _ _ _ _
496,configured out _ _ _ _
497,running _ _ _ _ _
498,not responding _ _ _ _
499,not responding _ _ _ _
500,not responding _ _ _ _
501,running _ _ _ _ _
502,running _ _ _ _ _
503,configured out _ _ _ _
504,not responding _ _ _ _
505,running _ _ _ _ _
506,not responding _ _ _ _
507,running _ _ _ _ _
508,configured out _ _ _ _
509,running _ _ _ _ _
510,running _ _ _ _ _
511,not responding _ _ _ _
512,not responding _ _ _ _
513,configured out _ _ _ _
514,configured out _ _ _ _
515,running _ _ _ _ _
516,running _ _ _ _ _
517,running _ _ _ _ _
518,configured out _ _ _ _
519,running _ _ _ _ _
520,running _ _ _ _ _
521,configured out _ _ _ _
522,configured out _ _ _ _
523,configured out _ _ _ _
524,running _ _ _ _ _
525,running _ _ _ _ _
526,running _ _ _ _ _
527,blocked _ _ _ _ _
528,blocked _ _ _ _ _
529,not responding _ _ _ _
530,running _ _ _ _ _
531,running _ _ _ _ _
532,configured out _ _ _ _
533,running _ _ _ _ _
534,running _ _ _ _ _
535,running _ _ _ _ _
536,running _ _ _ _ _
537,running _ _ _ _ _
538,configured out _ _ _ _
539,configured out _ _ _ _
540,not-responding _ _ _ _ _
541,running _ _ _ _ _
542,running _ _ _ _ _
543,active _ _ _ _ _
544,running _ _ _ _ _
545,running _ _ _ _ _
546,running _ _ _ _ _
547,running _ _ _ _ _
548,running _ _ _ _ _
549,running _ _ _ _ _
550,not responding _ _ _ _
551,configured out _ _ _ _
552,configured out _ _ _ _
553,not responding _ _ _ _
554,running _ _ _ _ _
555,running _ _ _ _ _
556,configured out _ _ _ _
557,configured out _ _ _ _
558,running _ _ _ _ _
559,running _ _ _ _ _
560,running _ _ _ _ _
561,configured out _ _ _ _
562,inconsistent nodesets node-1 0x000001fc <ok> node-2 0x000001fc <ok> node-7 0x000001fc <ok> node-4 0x000001fc <ok> node-6 0x000001fc <ok> node-5 0x000001fc <ok> node-3 0x000001fc <ok> node-14 0x0003fdfc <ok> node-13 0x0003fdfc <ok> node-12 0x0003fdfc <ok> node-10 0x0003fdfc <ok> node-16 0x0003fdfc <ok> node-15 0x0003fdfc <ok>
563,configured out _ _ _ _
564,blocked _ _ _ _ _
565,configured out _ _ _ _
566,running _ _ _ _ _
567,running _ _ _ _ _
568,running _ _ _ _ _
569,configured out _ _ _ _
570,not responding _ _ _ _
571,configured out _ _ _ _
572,not responding _ _ _ _
573,running _ _ _ _ _
574,active _ _ _ _ _
575,not responding _ _ _ _
576,configured out _ _ _ _
577,configured out _ _ _ _
578,running _ _ _ _ _
579,running _ _ _ _ _
580,configured out _ _ _ _
581,not responding _ _ _ _
582,running _ _ _ _ _
583,configured out _ _ _ _
584,blocked _ _ _ _ _
585,running _ _ _ _ _
586,configured out _ _ _ _
587,not responding _ _ _ _
588,configured out _ _ _ _
589,configured out _ _ _ _
590,configured out _ _ _ _
591,configured out _ _ _ _
592,running _ _ _ _ _
593,configured out _ _ _ _
594,configured out _ _ _ _
595,running _ _ _ _ _
596,running _ _ _ _ _
597,running _ _ _ _ _
598,running _ _ _ _ _
599,running _ _ _ _ _
600,configured out _ _ _ _
601,configured out _ _ _ _
602,running _ _ _ _ _
603,blocked _ _ _ _ _
604,configured out _ _ _ _
605,running _ _ _ _ _
606,running _ _ _ _ _
607,running _ _ _ _ _
608,running _ _ _ _ _
609,blocked _ _ _ _ _
610,configured out _ _ _ _
611,running _ _ _ _ _
612,not responding _ _ _ _
613,running _ _ _ _ _
614,running _ _ _ _ _
615,running _ _ _ _ _
616,running _ _ _ _ _
617,configured out _ _ _ _
618,configured out _ _ _ _
619,not responding _ _ _ _
620,running _ _ _ _ _
621,running _ _ _ _ _
622,running _ _ _ _ _
623,not responding _ _ _ _
624,running _ _ _ _ _
625,running _ _ _ _ _
626,not responding _ _ _ _
627,starting _ _ _ _ _
628,configured out _ _ _ _
629,configured out _ _ _ _
630,configured out _ _ _ _
631,configured out _ _ _ _
632,running _ _ _ _ _
633,configured out _ _ _ _
634,not responding _ _ _ _
635,not responding _ _ _ _
636,configured out _ _ _ _
637,running _ _ _ _ _
638,running _ _ _ _ _
639,configured out _ _ _ _
640,not responding _ _ _ _
641,running _ _ _ _ _
642,configured out _ _ _ _
643,running _ _ _ _ _
644,configured out _ _ _ _
645,blocked _ _ _ _ _
646,running _ _ _ _ _
647,running _ _ _ _ _
648,running _ _ _ _ _
649,running _ _ _ _ _
650,blocked _ _ _ _ _
651,running _ _ _ _ _
652,running _ _ _ _ _
653,running _ _ _ _ _
654,configured out _ _ _ _
655,closing _ _ _ _ _
656,running _ _ _ _ _
657,running _ _ _ _ _
658,running _ _ _ _ _
659,running _ _ _ _ _
660,running _ _ _ _ _
661,running _ _ _ _ _
662,running _ _ _ _ _
663,running _ _ _ _ _
664,running _ _ _ _ _
665,running _ _ _ _ _
666,running _ _ _ _ _
667,configured out _ _ _ _
668,not responding _ _ _ _
669,not responding _ _ _ _
670,blocked _ _ _ _ _
671,running _ _ _ _ _
672,not responding _ _ _ _
673,running _ _ _ _ _
674,active _ _ _ _ _
675,not responding _ _ _ _
676,configured out _ _ _ _
677,not responding _ _ _ _
678,running _ _ _ _ _
679,running _ _ _ _ _
680,blocked _ _ _ _ _
681,running _ _ _ _ _
682,not responding _ _ _ _
683,not responding _ _ _ _
684,running _ _ _ _ _
685,running _ _ _ _ _
686,blocked _ _ _ _ _
687,not responding _ _ _ _
688,configured out _ _ _ _
689,configured out _ _ _ _
690,running _ _ _ _ _
691,running _ _ _ _ _
692,running _ _ _ _ _
693,configured out _ _ _ _
694,configured out _ _ _ _
695,configured out _ _ _ _
696,running _ _ _ _ _
697,running _ _ _ _ _
698,running _ _ _ _ _
699,inconsistent nodesets node-31 0x1fffffffe <ok> node-0 0xfffffffe <ok> node-1 0xfffffffe <ok> node-2 0xfffffffe <ok> node-30 0xfffffffe <ok>
700,configured out _ _ _ _
701,running _ _ _ _ _
702,blocked _ _ _ _ _
703,running _ _ _ _ _
704,not responding _ _ _ _
705,configured out _ _ _ _
706,running _ _ _ _ _
707,running _ _ _ _ _
708,running _ _ _ _ _
709,running _ _ _ _ _
710,normal _ _ _ _ _
711,normal _ _ _ _ _
712,warning _ _ _ _ _
713,normal _ _ _ _ _
714,normal _ _ _ _ _
715,warning _ _ _ _ _
716,ambient<*> _ _ _ _ _
717,normal _ _ _ _ _
718,ambient<*> _ _ _ _ _
719,normal _ _ _ _ _
720,normal _ _ _ _ _
721,critical _ _ _ _ _
722,normal _ _ _ _ _
723,normal _ _ _ _ _
724,critical _ _ _ _ _
725,normal _ _ _ _ _
726,ambient<*> _ _ _ _ _
727,normal _ _ _ _ _
728,normal _ _ _ _ _
729,ambient<*> _ _ _ _ _
730,ambient<*> _ _ _ _ _
731,normal _ _ _ _ _
732,ambient<*> _ _ _ _ _
733,ambient<*> _ _ _ _ _
734,warning _ _ _ _ _
735,critical _ _ _ _ _
736,normal _ _ _ _ _
737,ambient<*> _ _ _ _ _
738,ambient<*> _ _ _ _ _
739,normal _ _ _ _ _
740,ambient<*> _ _ _ _ _
741,ambient<*> _ _ _ _ _
742,ambient<*> _ _ _ _ _
743,ambient<*> _ _ _ _ _
744,normal _ _ _ _ _
745,warning _ _ _ _ _
746,warning _ _ _ _ _
747,warning _ _ _ _ _
748,ambient<*> _ _ _ _ _
749,warning _ _ _ _ _
750,normal _ _ _ _ _
751,ambient<*> _ _ _ _ _
752,ambient<*> _ _ _ _ _
753,normal _ _ _ _ _
754,ambient<*> _ _ _ _ _
755,warning _ _ _ _ _
756,warning _ _ _ _ _
757,normal _ _ _ _ _
758,warning _ _ _ _ _
759,normal _ _ _ _ _
760,ambient<*> _ _ _ _ _
761,warning _ _ _ _ _
762,ambient<*> _ _ _ _ _
763,ambient<*> _ _ _ _ _
764,normal _ _ _ _ _
765,warning _ _ _ _ _
766,normal _ _ _ _ _
767,ambient<*> _ _ _ _ _
768,warning _ _ _ _ _
769,warning _ _ _ _ _
770,warning _ _ _ _ _
771,ambient<*> _ _ _ _ _
772,ambient<*> _ _ _ _ _
773,ambient<*> _ _ _ _ _
774,warning _ _ _ _ _
775,warning _ _ _ _ _
776,normal _ _ _ _ _
777,warning _ _ _ _ _
778,normal _ _ _ _ _
779,normal _ _ _ _ _
780,normal _ _ _ _ _
781,normal _ _ _ _ _
782,warning _ _ _ _ _
783,warning _ _ _ _ _
784,normal _ _ _ _ _
785,warning _ _ _ _ _
786,normal _ _ _ _ _
787,normal _ _ _ _ _
788,normal _ _ _ _ _
789,ambient<*> _ _ _ _ _
790,warning _ _ _ _ _
791,warning _ _ _ _ _
792,normal _ _ _ _ _
793,warning _ _ _ _ _
794,normal _ _ _ _ _
795,warning _ _ _ _ _
796,ambient<*> _ _ _ _ _
797,normal _ _ _ _ _
798,warning _ _ _ _ _
799,warning _ _ _ _ _
800,warning _ _ _ _ _
801,ambient<*> _ _ _ _ _
802,normal _ _ _ _ _
803,ambient<*> _ _ _ _ _
804,warning _ _ _ _ _
805,warning _ _ _ _ _
806,warning _ _ _ _ _
807,warning _ _ _ _ _
808,ambient<*> _ _ _ _ _
809,ambient<*> _ _ _ _ _
810,ambient<*> _ _ _ _ _
811,ambient<*> _ _ _ _ _
812,ambient<*> _ _ _ _ _
813,ambient<*> _ _ _ _ _
814,ambient<*> _ _ _ _ _
815,warning _ _ _ _ _
816,normal _ _ _ _ _
817,ambient<*> _ _ _ _ _
818,normal _ _ _ _ _
819,warning _ _ _ _ _
820,normal _ _ _ _ _
821,ambient<*> _ _ _ _ _
822,normal _ _ _ _ _
823,ambient<*> _ _ _ _ _
824,warning _ _ _ _ _
825,critical _ _ _ _ _
826,ambient<*> _ _ _ _ _
827,ambient<*> _ _ _ _ _
828,ambient<*> _ _ _ _ _
829,warning _ _ _ _ _
830,ambient<*> _ _ _ _ _
831,ambient<*> _ _ _ _ _
832,ambient<*> _ _ _ _ _
833,normal _ _ _ _ _
834,ambient<*> _ _ _ _ _
835,ambient<*> _ _ _ _ _
836,ambient<*> _ _ _ _ _
837,warning _ _ _ _ _
838,warning _ _ _ _ _
839,normal _ _ _ _ _
840,normal _ _ _ _ _
841,warning _ _ _ _ _
842,ambient<*> _ _ _ _ _
843,ambient<*> _ _ _ _ _
844,ambient<*> _ _ _ _ _
845,ambient<*> _ _ _ _ _
846,ambient<*> _ _ _ _ _
847,warning _ _ _ _ _
848,ambient<*> _ _ _ _ _
849,normal _ _ _ _ _
850,warning _ _ _ _ _
851,normal _ _ _ _ _
852,normal _ _ _ _ _
853,normal _ _ _ _ _
854,normal _ _ _ _ _
855,ambient<*> _ _ _ _ _
856,normal _ _ _ _ _
857,ambient<*> _ _ _ _ _
858,warning _ _ _ _ _
859,normal _ _ _ _ _
860,warning _ _ _ _ _
861,warning _ _ _ _ _
862,warning _ _ _ _ _
863,warning _ _ _ _ _
864,ambient<*> _ _ _ _ _
865,warning _ _ _ _ _
866,normal _ _ _ _ _
867,warning _ _ _ _ _
868,warning _ _ _ _ _
869,normal _ _ _ _ _
870,normal _ _ _ _ _
871,warning _ _ _ _ _
872,normal _ _ _ _ _
873,warning _ _ _ _ _
874,normal _ _ _ _ _
875,normal _ _ _ _ _
876,normal _ _ _ _ _
877,warning _ _ _ _ _
878,warning _ _ _ _ _
879,normal _ _ _ _ _
880,normal _ _ _ _ _
881,warning _ _ _ _ _
882,warning _ _ _ _ _
883,warning _ _ _ _ _
884,warning _ _ _ _ _
885,ambient<*> _ _ _ _ _
886,normal _ _ _ _ _
887,normal _ _ _ _ _
888,ambient<*> _ _ _ _ _
889,ambient<*> _ _ _ _ _
890,ambient<*> _ _ _ _ _
891,ambient<*> _ _ _ _ _
892,normal _ _ _ _ _
893,ambient<*> _ _ _ _ _
894,warning _ _ _ _ _
895,normal _ _ _ _ _
896,normal _ _ _ _ _
897,ambient<*> _ _ _ _ _
898,normal _ _ _ _ _
899,warning _ _ _ _ _
900,ambient<*> _ _ _ _ _
901,warning _ _ _ _ _
902,normal _ _ _ _ _
903,normal _ _ _ _ _
904,normal _ _ _ _ _
905,warning _ _ _ _ _
906,ambient<*> _ _ _ _ _
907,warning _ _ _ _ _
908,warning _ _ _ _ _
909,normal _ _ _ _ _
910,warning _ _ _ _ _
911,ambient<*> _ _ _ _ _
912,ambient<*> _ _ _ _ _
913,normal _ _ _ _ _
914,ambient<*> _ _ _ _ _
915,ambient<*> _ _ _ _ _
916,ambient<*> _ _ _ _ _
917,warning _ _ _ _ _
918,ambient<*> _ _ _ _ _
919,normal _ _ _ _ _
920,ambient<*> _ _ _ _ _
921,ambient<*> _ _ _ _ _
922,ambient<*> _ _ _ _ _
923,ambient<*> _ _ _ _ _
924,ambient<*> _ _ _ _ _
925,ambient<*> _ _ _ _ _
926,normal _ _ _ _ _
927,ambient<*> _ _ _ _ _
928,normal _ _ _ _ _
929,ambient<*> _ _ _ _ _
930,ambient<*> _ _ _ _ _
931,ambient<*> _ _ _ _ _
932,critical _ _ _ _ _
933,normal _ _ _ _ _
934,ambient<*> _ _ _ _ _
935,normal _ _ _ _ _
936,ambient<*> _ _ _ _ _
937,normal _ _ _ _ _
938,ambient<*> _ _ _ _ _
939,normal _ _ _ _ _
940,warning _ _ _ _ _
941,normal _ _ _ _ _
942,warning _ _ _ _ _
943,normal _ _ _ _ _
944,ambient<*> _ _ _ _ _
945,ambient<*> _ _ _ _ _
946,ambient<*> _ _ _ _ _
947,ambient<*> _ _ _ _ _
948,normal _ _ _ _ _
949,warning _ _ _ _ _
950,warning _ _ _ _ _
951,ambient<*> _ _ _ _ _
952,ambient<*> _ _ _ _ _
953,warning _ _ _ _ _
954,normal _ _ _ _ _
955,ambient<*> _ _ _ _ _
956,normal _ _ _ _ _
957,ambient<*> _ _ _ _ _
958,ambient<*> _ _ _ _ _
959,warning _ _ _ _ _
960,warning _ _ _ _ _
961,warning _ _ _ _ _
962,warning _ _ _ _ _
963,warning _ _ _ _ _
964,normal _ _ _ _ _
965,warning _ _ _ _ _
966,ambient<*> _ _ _ _ _
967,ambient<*> _ _ _ _ _
968,ambient<*> _ _ _ _ _
969,normal _ _ _ _ _
970,warning _ _ _ _ _
971,normal _ _ _ _ _
972,warning _ _ _ _ _
973,warning _ _ _ _ _
974,normal _ _ _ _ _
975,warning _ _ _ _ _
976,normal _ _ _ _ _
977,warning _ _ _ _ _
978,warning _ _ _ _ _
979,normal _ _ _ _ _
980,warning _ _ _ _ _
981,normal _ _ _ _ _
982,ambient<*> _ _ _ _ _
983,normal _ _ _ _ _
984,ambient<*> _ _ _ _ _
985,ambient<*> _ _ _ _ _
986,warning _ _ _ _ _
987,ambient<*> _ _ _ _ _
988,ambient<*> _ _ _ _ _
989,ambient<*> _ _ _ _ _
990,normal _ _ _ _ _
991,ambient<*> _ _ _ _ _
992,normal _ _ _ _ _
993,normal _ _ _ _ _
994,warning _ _ _ _ _
995,warning _ _ _ _ _
996,normal _ _ _ _ _
997,normal _ _ _ _ _
998,normal _ _ _ _ _
999,warning _ _ _ _ _
1000,warning _ _ _ _ _
1001,warning _ _ _ _ _
1002,warning _ _ _ _ _
1003,normal _ _ _ _ _
1004,warning _ _ _ _ _
1005,normal _ _ _ _ _
1006,warning _ _ _ _ _
1007,ambient<*> _ _ _ _ _
1008,normal _ _ _ _ _
1009,normal _ _ _ _ _
1010,warning _ _ _ _ _
1011,normal _ _ _ _ _
1012,normal _ _ _ _ _
1013,warning _ _ _ _ _
1014,warning _ _ _ _ _
1015,warning _ _ _ _ _
1016,warning _ _ _ _ _
1017,normal _ _ _ _ _
1018,normal _ _ _ _ _
1019,normal _ _ _ _ _
1020,normal _ _ _ _ _
1021,ambient<*> _ _ _ _ _
1022,normal _ _ _ _ _
1023,normal _ _ _ _ _
1024,normal _ _ _ _ _
1025,normal _ _ _ _ _
1026,normal _ _ _ _ _
1027,warning _ _ _ _ _
1028,critical _ _ _ _ _
1029,warning _ _ _ _ _
1030,warning _ _ _ _ _
1031,warning _ _ _ _ _
1032,warning _ _ _ _ _
1033,ambient<*> _ _ _ _ _
1034,warning _ _ _ _ _
1035,normal _ _ _ _ _
1036,ambient<*> _ _ _ _ _
1037,normal _ _ _ _ _
1038,normal _ _ _ _ _
1039,normal _ _ _ _ _
1040,warning _ _ _ _ _
1041,normal _ _ _ _ _
1042,ambient<*> _ _ _ _ _
1043,warning _ _ _ _ _
1044,normal _ _ _ _ _
1045,warning _ _ _ _ _
1046,normal _ _ _ _ _
1047,normal _ _ _ _ _
1048,ambient<*> _ _ _ _ _
1049,normal _ _ _ _ _
1050,normal _ _ _ _ _
1051,warning _ _ _ _ _
1052,warning _ _ _ _ _
1053,warning _ _ _ _ _
1054,warning _ _ _ _ _
1055,normal _ _ _ _ _
1056,warning _ _ _ _ _
1057,ambient<*> _ _ _ _ _
1058,ambient<*> _ _ _ _ _
1059,ambient<*> _ _ _ _ _
1060,ambient<*> _ _ _ _ _
1061,ambient<*> _ _ _ _ _
1062,critical _ _ _ _ _
1063,warning _ _ _ _ _
1064,warning _ _ _ _ _
1065,normal _ _ _ _ _
1066,warning _ _ _ _ _
1067,warning _ _ _ _ _
1068,warning _ _ _ _ _
1069,ambient<*> _ _ _ _ _
1070,normal _ _ _ _ _
1071,ambient<*> _ _ _ _ _
1072,normal _ _ _ _ _
1073,normal _ _ _ _ _
1074,normal _ _ _ _ _
1075,warning _ _ _ _ _
1076,ambient<*> _ _ _ _ _
1077,warning _ _ _ _ _
1078,ambient<*> _ _ _ _ _
1079,normal _ _ _ _ _
1080,warning _ _ _ _ _
1081,warning _ _ _ _ _
1082,warning _ _ _ _ _
1083,normal _ _ _ _ _
1084,critical _ _ _ _ _
1085,warning _ _ _ _ _
1086,warning _ _ _ _ _
1087,warning _ _ _ _ _
1088,critical _ _ _ _ _
1089,ambient<*> _ _ _ _ _
1090,warning _ _ _ _ _
1091,ambient<*> _ _ _ _ _
1092,normal _ _ _ _ _
1093,warning _ _ _ _ _
1094,ambient<*> _ _ _ _ _
1095,normal _ _ _ _ _
1096,warning _ _ _ _ _
1097,normal _ _ _ _ _
1098,ambient<*> _ _ _ _ _
1099,normal _ _ _ _ _
1100,ambient<*> _ _ _ _ _
1101,ambient<*> _ _ _ _ _
1102,normal _ _ _ _ _
1103,ambient<*> _ _ _ _ _
1104,ambient<*> _ _ _ _ _
1105,ambient<*> _ _ _ _ _
1106,warning _ _ _ _ _
1107,ambient<*> _ _ _ _ _
1108,ambient<*> _ _ _ _ _
1109,critical _ _ _ _ _
1110,normal _ _ _ _ _
1111,ambient<*> _ _ _ _ _
1112,ambient<*> _ _ _ _ _
1113,ambient<*> _ _ _ _ _
1114,ambient<*> _ _ _ _ _
1115,ambient<*> _ _ _ _ _
1116,ambient<*> _ _ _ _ _
1117,ambient<*> _ _ _ _ _
1118,ambient<*> _ _ _ _ _
1119,ambient<*> _ _ _ _ _
1120,warning _ _ _ _ _
1121,critical _ _ _ _ _
1122,normal _ _ _ _ _
1123,warning _ _ _ _ _
1124,normal _ _ _ _ _
1125,warning _ _ _ _ _
1126,normal _ _ _ _ _
1127,normal _ _ _ _ _
1128,normal _ _ _ _ _
1129,normal _ _ _ _ _
1130,warning _ _ _ _ _
1131,normal _ _ _ _ _
1132,normal _ _ _ _ _
1133,normal _ _ _ _ _
1134,normal _ _ _ _ _
1135,warning _ _ _ _ _
1136,normal _ _ _ _ _
1137,normal _ _ _ _ _
1138,normal _ _ _ _ _
1139,warning _ _ _ _ _
1140,normal _ _ _ _ _
1141,warning _ _ _ _ _
1142,critical _ _ _ _ _
1143,normal _ _ _ _ _
1144,warning _ _ _ _ _
1145,warning _ _ _ _ _
1146,warning _ _ _ _ _
1147,critical _ _ _ _ _
1148,warning _ _ _ _ _
1149,normal _ _ _ _ _
1150,warning _ _ _ _ _
1151,ambient<*> _ _ _ _ _
1152,warning _ _ _ _ _
1153,warning _ _ _ _ _
1154,warning _ _ _ _ _
1155,ambient<*> _ _ _ _ _
1156,ambient<*> _ _ _ _ _
1157,ambient<*> _ _ _ _ _
1158,ambient<*> _ _ _ _ _
1159,ambient<*> _ _ _ _ _
1160,ambient<*> _ _ _ _ _
1161,warning _ _ _ _ _
1162,critical _ _ _ _ _
1163,ambient<*> _ _ _ _ _
1164,normal _ _ _ _ _
1165,warning _ _ _ _ _
1166,ambient<*> _ _ _ _ _
1167,warning _ _ _ _ _
1168,warning _ _ _ _ _
1169,warning _ _ _ _ _
1170,warning _ _ _ _ _
1171,normal _ _ _ _ _
1172,ambient<*> _ _ _ _ _
1173,normal _ _ _ _ _
1174,normal _ _ _ _ _
1175,ambient<*> _ _ _ _ _
1176,ambient<*> _ _ _ _ _
1177,ambient<*> _ _ _ _ _
1178,ambient<*> _ _ _ _ _
1179,warning _ _ _ _ _
1180,warning _ _ _ _ _
1181,warning _ _ _ _ _
1182,warning _ _ _ _ _
1183,normal _ _ _ _ _
1184,warning _ _ _ _ _
1185,ambient<*> _ _ _ _ _
1186,warning _ _ _ _ _
1187,ambient<*> _ _ _ _ _
1188,ambient<*> _ _ _ _ _
1189,ambient<*> _ _ _ _ _
1190,ambient<*> _ _ _ _ _
1191,warning _ _ _ _ _
1192,normal _ _ _ _ _
1193,warning _ _ _ _ _
1194,normal _ _ _ _ _
1195,normal _ _ _ _ _
1196,warning _ _ _ _ _
1197,warning _ _ _ _ _
1198,warning _ _ _ _ _
1199,warning _ _ _ _ _
1200,normal _ _ _ _ _
1201,warning _ _ _ _ _
1202,warning _ _ _ _ _
1203,normal _ _ _ _ _
1204,normal _ _ _ _ _
1205,ambient<*> _ _ _ _ _
1206,normal _ _ _ _ _
1207,ambient<*> _ _ _ _ _
1208,ambient<*> _ _ _ _ _
1209,ambient<*> _ _ _ _ _
1210,ambient<*> _ _ _ _ _
1211,normal _ _ _ _ _
1212,warning _ _ _ _ _
1213,normal _ _ _ _ _
1214,warning _ _ _ _ _
1215,warning _ _ _ _ _
1216,warning _ _ _ _ _
1217,ambient<*> _ _ _ _ _
1218,normal _ _ _ _ _
1219,ambient<*> _ _ _ _ _
1220,ambient<*> _ _ _ _ _
1221,normal _ _ _ _ _
1222,warning _ _ _ _ _
1223,warning _ _ _ _ _
1224,warning _ _ _ _ _
1225,ambient<*> _ _ _ _ _
1226,ambient<*> _ _ _ _ _
1227,warning _ _ _ _ _
1228,ambient<*> _ _ _ _ _
1229,normal _ _ _ _ _
1230,ambient<*> _ _ _ _ _
1231,ambient<*> _ _ _ _ _
1232,warning _ _ _ _ _
1233,ambient<*> _ _ _ _ _
1234,ambient<*> _ _ _ _ _
1235,ambient<*> _ _ _ _ _
1236,ambient<*> _ _ _ _ _
1237,ambient<*> _ _ _ _ _
1238,ambient<*> _ _ _ _ _
1239,ambient<*> _ _ _ _ _
1240,ambient<*> _ _ _ _ _
1241,ambient<*> _ _ _ _ _
1242,warning _ _ _ _ _
1243,ambient<*> _ _ _ _ _
1244,ambient<*> _ _ _ _ _
1245,warning _ _ _ _ _
1246,warning _ _ _ _ _
1247,ambient<*> _ _ _ _ _
1248,ambient<*> _ _ _ _ _
1249,normal _ _ _ _ _
1250,normal _ _ _ _ _
1251,ambient<*> _ _ _ _ _
1252,ambient<*> _ _ _ _ _
1253,ambient<*> _ _ _ _ _
1254,ambient<*> _ _ _ _ _
1255,warning _ _ _ _ _
1256,ambient<*> _ _ _ _ _
1257,warning _ _ _ _ _
1258,ambient<*> _ _ _ _ _
1259,normal _ _ _ _ _
1260,ambient<*> _ _ _ _ _
1261,ambient<*> _ _ _ _ _
1262,warning _ _ _ _ _
1263,ambient<*> _ _ _ _ _
1264,normal _ _ _ _ _
1265,normal _ _ _ _ _
1266,warning _ _ _ _ _
1267,ambient<*> _ _ _ _ _
1268,warning _ _ _ _ _
1269,normal _ _ _ _ _
1270,ambient<*> _ _ _ _ _
1271,ambient<*> _ _ _ _ _
1272,ambient<*> _ _ _ _ _
1273,normal _ _ _ _ _
1274,ambient<*> _ _ _ _ _
1275,ambient<*> _ _ _ _ _
1276,ambient<*> _ _ _ _ _
1277,normal _ _ _ _ _
1278,ambient<*> _ _ _ _ _
1279,warning _ _ _ _ _
1280,normal _ _ _ _ _
1281,ambient<*> _ _ _ _ _
1282,normal _ _ _ _ _
1283,normal _ _ _ _ _
1284,ambient<*> _ _ _ _ _
1285,ambient<*> _ _ _ _ _
1286,warning _ _ _ _ _
1287,ambient<*> _ _ _ _ _
1288,ambient<*> _ _ _ _ _
1289,ambient<*> _ _ _ _ _
1290,normal _ _ _ _ _
1291,ambient<*> _ _ _ _ _
1292,ambient<*> _ _ _ _ _
1293,warning _ _ _ _ _
1294,warning _ _ _ _ _
1295,ambient<*> _ _ _ _ _
1296,ambient<*> _ _ _ _ _
1297,warning _ _ _ _ _
1298,ambient<*> _ _ _ _ _
1299,normal _ _ _ _ _
1300,ambient<*> _ _ _ _ _
1301,ambient<*> _ _ _ _ _
1302,ambient<*> _ _ _ _ _
1303,ambient<*> _ _ _ _ _
1304,normal _ _ _ _ _
1305,ambient<*> _ _ _ _ _
1306,warning _ _ _ _ _
1307,ambient<*> _ _ _ _ _
1308,ambient<*> _ _ _ _ _
1309,ambient<*> _ _ _ _ _
1310,ambient<*> _ _ _ _ _
1311,warning _ _ _ _ _
1312,ambient<*> _ _ _ _ _
1313,ambient<*> _ _ _ _ _
1314,warning _ _ _ _ _
1315,normal _ _ _ _ _
1316,normal _ _ _ _ _
1317,warning _ _ _ _ _
1318,ambient<*> _ _ _ _ _
1319,ambient<*> _ _ _ _ _
1320,ambient<*> _ _ _ _ _
1321,ambient<*> _ _ _ _ _
1322,ambient<*> _ _ _ _ _
1323,warning _ _ _ _ _
1324,ambient<*> _ _ _ _ _
1325,ambient<*> _ _ _ _ _
1326,ambient<*> _ _ _ _ _
1327,ambient<*> _ _ _ _ _
1328,ambient<*> _ _ _ _ _
1329,ambient<*> _ _ _ _ _
1330,normal _ _ _ _ _
1331,normal _ _ _ _ _
1332,normal _ _ _ _ _
1333,warning _ _ _ _ _
1334,ambient<*> _ _ _ _ _
1335,normal _ _ _ _ _
1336,normal _ _ _ _ _
1337,ambient<*> _ _ _ _ _
1338,ambient<*> _ _ _ _ _
1339,warning _ _ _ _ _
1340,ambient<*> _ _ _ _ _
1341,ambient<*> _ _ _ _ _
1342,ambient<*> _ _ _ _ _
1343,ambient<*> _ _ _ _ _
1344,ambient<*> _ _ _ _ _
1345,warning _ _ _ _ _
1346,normal _ _ _ _ _
1347,ambient<*> _ _ _ _ _
1348,normal _ _ _ _ _
1349,ambient<*> _ _ _ _ _
1350,ambient<*> _ _ _ _ _
1351,ambient<*> _ _ _ _ _
1352,ambient<*> _ _ _ _ _
1353,ambient<*> _ _ _ _ _
1354,ambient<*> _ _ _ _ _
1355,ambient<*> _ _ _ _ _
1356,ambient<*> _ _ _ _ _
1357,ambient<*> _ _ _ _ _
1358,critical _ _ _ _ _
1359,ambient<*> _ _ _ _ _
1360,ambient<*> _ _ _ _ _
1361,ambient<*> _ _ _ _ _
1362,ambient<*> _ _ _ _ _
1363,ambient<*> _ _ _ _ _
1364,ambient<*> _ _ _ _ _
1365,ambient<*> _ _ _ _ _
1366,ambient<*> _ _ _ _ _
1367,ambient<*> _ _ _ _ _
1368,critical _ _ _ _ _
1369,ambient<*> _ _ _ _ _
1370,normal _ _ _ _ _
1371,ambient<*> _ _ _ _ _
1372,normal _ _ _ _ _
1373,ambient<*> _ _ _ _ _
1374,ambient<*> _ _ _ _ _
1375,ambient<*> _ _ _ _ _
1376,ambient<*> _ _ _ _ _
1377,ambient<*> _ _ _ _ _
1378,ambient<*> _ _ _ _ _
1379,ambient<*> _ _ _ _ _
1380,normal _ _ _ _ _
1381,ambient<*> _ _ _ _ _
1382,normal _ _ _ _ _
1383,ambient<*> _ _ _ _ _
1384,ambient<*> _ _ _ _ _
1385,warning _ _ _ _ _
1386,critical _ _ _ _ _
1387,normal _ _ _ _ _
1388,normal _ _ _ _ _
1389,ambient<*> _ _ _ _ _
1390,warning _ _ _ _ _
1391,normal _ _ _ _ _
1392,ambient<*> _ _ _ _ _
1393,ambient<*> _ _ _ _ _
1394,normal _ _ _ _ _
1395,ambient<*> _ _ _ _ _
1396,ambient<*> _ _ _ _ _
1397,ambient<*> _ _ _ _ _
1398,ambient<*> _ _ _ _ _
1399,ambient<*> _ _ _ _ _
1400,ambient<*> _ _ _ _ _
1401,warning _ _ _ _ _
1402,normal _ _ _ _ _
1403,ambient<*> _ _ _ _ _
1404,ambient<*> _ _ _ _ _
1405,ambient<*> _ _ _ _ _
1406,ambient<*> _ _ _ _ _
1407,critical _ _ _ _ _
1408,normal _ _ _ _ _
1409,ambient<*> _ _ _ _ _
1410,ambient<*> _ _ _ _ _
1411,ambient<*> _ _ _ _ _
1412,normal _ _ _ _ _
1413,normal _ _ _ _ _
1414,normal _ _ _ _ _
1415,warning _ _ _ _ _
1416,warning _ _ _ _ _
1417,ambient<*> _ _ _ _ _
1418,normal _ _ _ _ _
1419,critical _ _ _ _ _
1420,warning _ _ _ _ _
1421,warning _ _ _ _ _
1422,normal _ _ _ _ _
1423,warning _ _ _ _ _
1424,normal _ _ _ _ _
1425,warning _ _ _ _ _
1426,ambient<*> _ _ _ _ _
1427,ambient<*> _ _ _ _ _
1428,ambient<*> _ _ _ _ _
1429,warning _ _ _ _ _
1430,warning _ _ _ _ _
1431,critical _ _ _ _ _
1432,warning _ _ _ _ _
1433,Link ok _ _ _ _
1434,Link ok _ _ _ _
1435,Link ok _ _ _ _
1436,Link ok _ _ _ _
1437,Link error _ _ _ _
1438,Link error _ _ _ _
1439,Link in reset _ _ _
1440,Link ok _ _ _ _
1441,Link ok _ _ _ _
1442,Link in reset _ _ _
1443,Link ok _ _ _ _
1444,Link error _ _ _ _
1445,Link ok _ _ _ _
1446,Link ok _ _ _ _
1447,Link ok _ _ _ _
1448,Link error _ _ _ _
1449,Link in reset _ _ _
1450,Link ok _ _ _ _
1451,Link ok _ _ _ _
1452,Link in reset _ _ _
1453,Link in reset _ _ _
1454,Link in reset _ _ _
1455,Link in reset _ _ _
1456,Linkerror event interval expired _ _
1457,Linkerror event interval expired _ _
1458,risBoot (command 1903) Error: Timed out while waiting for SRM prompt: <ABORT code completed>
1459,Linkerror event interval expired _ _
1460,Linkerror event interval expired _ _
1461,Linkerror event interval expired _ _
1462,Linkerror event interval expired _ _
1463,Linkerror event interval expired _ _
1464,Linkerror event interval expired _ _
1465,Linkerror event interval expired _ _
1466,Linkerror event interval expired _ _
1467,Linkerror event interval expired _ _
1468,Linkerror event interval expired _ _
1469,Linkerror event interval expired _ _
1470,Linkerror event interval expired _ _
1471,Linkerror event interval expired _ _
1472,Linkerror event interval expired _ _
1473,Linkerror event interval expired _ _
1474,Linkerror event interval expired _ _
1475,Linkerror event interval expired _ _
1476,Linkerror event interval expired _ _
1477,Linkerror event interval expired _ _
1478,Linkerror event interval expired _ _
1479,Linkerror event interval expired _ _
1480,Linkerror event interval expired _ _
1481,Linkerror event interval expired _ _
1482,Linkerror event interval expired _ _
1483,Linkerror event interval expired _ _
1484,Linkerror event interval expired _ _
1485,Linkerror event interval expired _ _
1486,Linkerror event interval expired _ _
1487,Linkerror event interval expired _ _
1488,Linkerror event interval expired _ _
1489,Linkerror event interval expired _ _
1490,Linkerror event interval expired _ _
1491,Linkerror event interval expired _ _
1492,Linkerror event interval expired _ _
1493,Linkerror event interval expired _ _
1494,Linkerror event interval expired _ _
1495,Linkerror event interval expired _ _
1496,Linkerror event interval expired _ _
1497,Linkerror event interval expired _ _
1498,Linkerror event interval expired _ _
1499,Linkerror event interval expired _ _
1500,Linkerror event interval expired _ _
1501,Linkerror event interval expired _ _
1502,Linkerror event interval expired _ _
1503,Linkerror event interval expired _ _
1504,Linkerror event interval expired _ _
1505,Linkerror event interval expired _ _
1506,Linkerror event interval expired _ _
1507,Linkerror event interval expired _ _
1508,Linkerror event interval expired _ _
1509,Linkerror event interval expired _ _
1510,Linkerror event interval expired _ _
1511,Linkerror event interval expired _ _
1512,Linkerror event interval expired _ _
1513,Linkerror event interval expired _ _
1514,Linkerror event interval expired _ _
1515,Linkerror event interval expired _ _
1516,Linkerror event interval expired _ _
1517,Linkerror event interval expired _ _
1518,Linkerror event interval expired _ _
1519,Linkerror event interval expired _ _
1520,Linkerror event interval expired _ _
1521,Linkerror event interval expired _ _
1522,Linkerror event interval expired _ _
1523,Linkerror event interval expired _ _
1524,Linkerror event interval expired _ _
1525,Linkerror event interval expired _ _
1526,Linkerror event interval expired _ _
1527,Linkerror event interval expired _ _
1528,Linkerror event interval expired _ _
1529,Linkerror event interval expired _ _
1530,Linkerror event interval expired _ _
1531,Linkerror event interval expired _ _
1532,Linkerror event interval expired _ _
1533,Linkerror event interval expired _ _
1534,Linkerror event interval expired _ _
1535,Linkerror event interval expired _ _
1536,Linkerror event interval expired _ _
1537,Linkerror event interval expired _ _
1538,Linkerror event interval expired _ _
1539,Linkerror event interval expired _ _
1540,Linkerror event interval expired _ _
1541,boot (command 2092) Error: HALT asserted\ cannot continue
1542,Linkerror event interval expired _ _
1543,Linkerror event interval expired _ _
1544,Linkerror event interval expired _ _
1545,Linkerror event interval expired _ _
1546,Linkerror event interval expired _ _
1547,Linkerror event interval expired _ _
1548,Linkerror event interval expired _ _
1549,Linkerror event interval expired _ _
1550,Linkerror event interval expired _ _
1551,Linkerror event interval expired _ _
1552,Linkerror event interval expired _ _
1553,Linkerror event interval expired _ _
1554,Linkerror event interval expired _ _
1555,Linkerror event interval expired _ _
1556,Linkerror event interval expired _ _
1557,Linkerror event interval expired _ _
1558,Linkerror event interval expired _ _
1559,Linkerror event interval expired _ _
1560,Linkerror event interval expired _ _
1561,Linkerror event interval expired _ _
1562,Linkerror event interval expired _ _
1563,Linkerror event interval expired _ _
1564,Linkerror event interval expired _ _
1565,Linkerror event interval expired _ _
1566,Linkerror event interval expired _ _
1567,Linkerror event interval expired _ _
1568,Linkerror event interval expired _ _
1569,Linkerror event interval expired _ _
1570,Linkerror event interval expired _ _
1571,Linkerror event interval expired _ _
1572,Linkerror event interval expired _ _
1573,Linkerror event interval expired _ _
1574,Linkerror event interval expired _ _
1575,Linkerror event interval expired _ _
1576,Linkerror event interval expired _ _
1577,Linkerror event interval expired _ _
1578,Linkerror event interval expired _ _
1579,Linkerror event interval expired _ _
1580,Linkerror event interval expired _ _
1581,Linkerror event interval expired _ _
1582,Linkerror event interval expired _ _
1583,Linkerror event interval expired _ _
1584,Linkerror event interval expired _ _
1585,Linkerror event interval expired _ _
1586,Linkerror event interval expired _ _
1587,Linkerror event interval expired _ _
1588,Linkerror event interval expired _ _
1589,Linkerror event interval expired _ _
1590,Linkerror event interval expired _ _
1591,Linkerror event interval expired _ _
1592,Linkerror event interval expired _ _
1593,Linkerror event interval expired _ _
1594,Linkerror event interval expired _ _
1595,Linkerror event interval expired _ _
1596,Linkerror event interval expired _ _
1597,Linkerror event interval expired _ _
1598,Linkerror event interval expired _ _
1599,Linkerror event interval expired _ _
1600,Linkerror event interval expired _ _
1601,Linkerror event interval expired _ _
1602,Linkerror event interval expired _ _
1603,Linkerror event interval expired _ _
1604,Linkerror event interval expired _ _
1605,Linkerror event interval expired _ _
1606,Linkerror event interval expired _ _
1607,Linkerror event interval expired _ _
1608,Linkerror event interval expired _ _
1609,Linkerror event interval expired _ _
1610,Linkerror event interval expired _ _
1611,Linkerror event interval expired _ _
1612,Linkerror event interval expired _ _
1613,Linkerror event interval expired _ _
1614,Linkerror event interval expired _ _
1615,Linkerror event interval expired _ _
1616,Linkerror event interval expired _ _
1617,Linkerror event interval expired _ _
1618,Linkerror event interval expired _ _
1619,Linkerror event interval expired _ _
1620,Linkerror event interval expired _ _
1621,Linkerror event interval expired _ _
1622,Linkerror event interval expired _ _
1623,Linkerror event interval expired _ _
1624,Linkerror event interval expired _ _
1625,Linkerror event interval expired _ _
1626,Linkerror event interval expired _ _
1627,Linkerror event interval expired _ _
1628,Linkerror event interval expired _ _
1629,Linkerror event interval expired _ _
1630,Linkerror event interval expired _ _
1631,Linkerror event interval expired _ _
1632,Linkerror event interval expired _ _
1633,Linkerror event interval expired _ _
1634,Linkerror event interval expired _ _
1635,Linkerror event interval expired _ _
1636,Linkerror event interval expired _ _
1637,Linkerror event interval expired _ _
1638,Linkerror event interval expired _ _
1639,Linkerror event interval expired _ _
1640,Linkerror event interval expired _ _
1641,Linkerror event interval expired _ _
1642,Linkerror event interval expired _ _
1643,Linkerror event interval expired _ _
1644,Linkerror event interval expired _ _
1645,Linkerror event interval expired _ _
1646,Linkerror event interval expired _ _
1647,Linkerror event interval expired _ _
1648,Linkerror event interval expired _ _
1649,Linkerror event interval expired _ _
1650,Linkerror event interval expired _ _
1651,Linkerror event interval expired _ _
1652,Linkerror event interval expired _ _
1653,Linkerror event interval expired _ _
1654,Linkerror event interval expired _ _
1655,Linkerror event interval expired _ _
1656,Linkerror event interval expired _ _
1657,Linkerror event interval expired _ _
1658,Linkerror event interval expired _ _
1659,Linkerror event interval expired _ _
1660,Linkerror event interval expired _ _
1661,Linkerror event interval expired _ _
1662,Linkerror event interval expired _ _
1663,Linkerror event interval expired _ _
1664,Linkerror event interval expired _ _
1665,Linkerror event interval expired _ _
1666,Linkerror event interval expired _ _
1667,Linkerror event interval expired _ _
1668,Linkerror event interval expired _ _
1669,Linkerror event interval expired _ _
1670,Linkerror event interval expired _ _
1671,Linkerror event interval expired _ _
1672,Linkerror event interval expired _ _
1673,Linkerror event interval expired _ _
1674,Linkerror event interval expired _ _
1675,Linkerror event interval expired _ _
1676,Linkerror event interval expired _ _
1677,Linkerror event interval expired _ _
1678,Linkerror event interval expired _ _
1679,Linkerror event interval expired _ _
1680,Linkerror event interval expired _ _
1681,Linkerror event interval expired _ _
1682,Linkerror event interval expired _ _
1683,Linkerror event interval expired _ _
1684,Linkerror event interval expired _ _
1685,Linkerror event interval expired _ _
1686,Linkerror event interval expired _ _
1687,Linkerror event interval expired _ _
1688,Linkerror event interval expired _ _
1689,Linkerror event interval expired _ _
1690,Linkerror event interval expired _ _
1691,Linkerror event interval expired _ _
1692,Linkerror event interval expired _ _
1693,Linkerror event interval expired _ _
1694,Linkerror event interval expired _ _
1695,Linkerror event interval expired _ _
1696,Linkerror event interval expired _ _
1697,Linkerror event interval expired _ _
1698,Linkerror event interval expired _ _
1699,Linkerror event interval expired _ _
1700,Linkerror event interval expired _ _
1701,Linkerror event interval expired _ _
1702,Linkerror event interval expired _ _
1703,Linkerror event interval expired _ _
1704,Linkerror event interval expired _ _
1705,Linkerror event interval expired _ _
1706,Linkerror event interval expired _ _
1707,Linkerror event interval expired _ _
1708,Linkerror event interval expired _ _
1709,Linkerror event interval expired _ _
1710,Linkerror event interval expired _ _
1711,Linkerror event interval expired _ _
1712,Linkerror event interval expired _ _
1713,Linkerror event interval expired _ _
1714,Linkerror event interval expired _ _
1715,Linkerror event interval expired _ _
1716,Linkerror event interval expired _ _
1717,Linkerror event interval expired _ _
1718,Linkerror event interval expired _ _
1719,Linkerror event interval expired _ _
1720,Linkerror event interval expired _ _
1721,Linkerror event interval expired _ _
1722,Linkerror event interval expired _ _
1723,Linkerror event interval expired _ _
1724,Linkerror event interval expired _ _
1725,Linkerror event interval expired _ _
1726,Linkerror event interval expired _ _
1727,Linkerror event interval expired _ _
1728,Linkerror event interval expired _ _
1729,Linkerror event interval expired _ _
1730,Linkerror event interval expired _ _
1731,Linkerror event interval expired _ _
1732,Linkerror event interval expired _ _
1733,Linkerror event interval expired _ _
1734,Linkerror event interval expired _ _
1735,Linkerror event interval expired _ _
1736,Linkerror event interval expired _ _
1737,Linkerror event interval expired _ _
1738,Linkerror event interval expired _ _
1739,Linkerror event interval expired _ _
1740,Linkerror event interval expired _ _
1741,Linkerror event interval expired _ _
1742,Linkerror event interval expired _ _
1743,Linkerror event interval expired _ _
1744,Linkerror event interval expired _ _
1745,Linkerror event interval expired _ _
1746,Linkerror event interval expired _ _
1747,Linkerror event interval expired _ _
1748,Linkerror event interval expired _ _
1749,Linkerror event interval expired _ _
1750,Linkerror event interval expired _ _
1751,Linkerror event interval expired _ _
1752,Linkerror event interval expired _ _
1753,Linkerror event interval expired _ _
1754,Linkerror event interval expired _ _
1755,Linkerror event interval expired _ _
1756,Linkerror event interval expired _ _
1757,Linkerror event interval expired _ _
1758,Linkerror event interval expired _ _
1759,Linkerror event interval expired _ _
1760,Linkerror event interval expired _ _
1761,Linkerror event interval expired _ _
1762,Linkerror event interval expired _ _
1763,Linkerror event interval expired _ _
1764,Linkerror event interval expired _ _
1765,Linkerror event interval expired _ _
1766,Linkerror event interval expired _ _
1767,Linkerror event interval expired _ _
1768,Linkerror event interval expired _ _
1769,Linkerror event interval expired _ _
1770,Linkerror event interval expired _ _
1771,Linkerror event interval expired _ _
1772,Linkerror event interval expired _ _
1773,Linkerror event interval expired _ _
1774,Linkerror event interval expired _ _
1775,Linkerror event interval expired _ _
1776,Linkerror event interval expired _ _
1777,Linkerror event interval expired _ _
1778,Linkerror event interval expired _ _
1779,Linkerror event interval expired _ _
1780,Linkerror event interval expired _ _
1781,Linkerror event interval expired _ _
1782,Linkerror event interval expired _ _
1783,Linkerror event interval expired _ _
1784,Linkerror event interval expired _ _
1785,Linkerror event interval expired _ _
1786,Linkerror event interval expired _ _
1787,Linkerror event interval expired _ _
1788,Linkerror event interval expired _ _
1789,Linkerror event interval expired _ _
1790,Linkerror event interval expired _ _
1791,Linkerror event interval expired _ _
1792,Linkerror event interval expired _ _
1793,Linkerror event interval expired _ _
1794,Linkerror event interval expired _ _
1795,Linkerror event interval expired _ _
1796,Linkerror event interval expired _ _
1797,Linkerror event interval expired _ _
1798,Linkerror event interval expired _ _
1799,Linkerror event interval expired _ _
1800,Linkerror event interval expired _ _
1801,Linkerror event interval expired _ _
1802,Linkerror event interval expired _ _
1803,Linkerror event interval expired _ _
1804,Linkerror event interval expired _ _
1805,Linkerror event interval expired _ _
1806,Linkerror event interval expired _ _
1807,Linkerror event interval expired _ _
1808,Linkerror event interval expired _ _
1809,Linkerror event interval expired _ _
1810,Linkerror event interval expired _ _
1811,Linkerror event interval expired _ _
1812,Linkerror event interval expired _ _
1813,Linkerror event interval expired _ _
1814,Linkerror event interval expired _ _
1815,Linkerror event interval expired _ _
1816,Linkerror event interval expired _ _
1817,Linkerror event interval expired _ _
1818,Linkerror event interval expired _ _
1819,Linkerror event interval expired _ _
1820,Linkerror event interval expired _ _
1821,Linkerror event interval expired _ _
1822,Linkerror event interval expired _ _
1823,Linkerror event interval expired _ _
1824,Linkerror event interval expired _ _
1825,Linkerror event interval expired _ _
1826,Linkerror event interval expired _ _
1827,Linkerror event interval expired _ _
1828,Linkerror event interval expired _ _
1829,Linkerror event interval expired _ _
1830,Linkerror event interval expired _ _
1831,Linkerror event interval expired _ _
1832,Linkerror event interval expired _ _
1833,Linkerror event interval expired _ _
1834,Linkerror event interval expired _ _
1835,Linkerror event interval expired _ _
1836,Linkerror event interval expired _ _
1837,Linkerror event interval expired _ _
1838,Linkerror event interval expired _ _
1839,Linkerror event interval expired _ _
1840,Failed subcommands 3406 _ _ _
1841,Linkerror event interval expired _ _
1842,Linkerror event interval expired _ _
1843,Linkerror event interval expired _ _
1844,Linkerror event interval expired _ _
1845,Linkerror event interval expired _ _
1846,Linkerror event interval expired _ _
1847,Linkerror event interval expired _ _
1848,Linkerror event interval expired _ _
1849,Linkerror event interval expired _ _
1850,Linkerror event interval expired _ _
1851,Linkerror event interval expired _ _
1852,Linkerror event interval expired _ _
1853,link errors remain current _ _
1854,link errors remain current _ _
1855,link errors remain current _ _
1856,link errors remain current _ _
1857,link errors remain current _ _
1858,link errors remain current _ _
1859,link errors remain current _ _
1860,link errors remain current _ _
1861,link errors remain current _ _
1862,link errors remain current _ _
1863,link errors remain current _ _
1864,link errors remain current _ _
1865,link errors remain current _ _
1866,link errors remain current _ _
1867,link errors remain current _ _
1868,link errors remain current _ _
1869,link errors remain current _ _
1870,link errors remain current _ _
1871,link errors remain current _ _
1872,link errors remain current _ _
1873,link errors remain current _ _
1874,link errors remain current _ _
1875,link errors remain current _ _
1876,link errors remain current _ _
1877,link errors remain current _ _
1878,link errors remain current _ _
1879,link errors remain current _ _
1880,link errors remain current _ _
1881,link errors remain current _ _
1882,link errors remain current _ _
1883,link errors remain current _ _
1884,link errors remain current _ _
1885,link errors remain current _ _
1886,link errors remain current _ _
1887,link errors remain current _ _
1888,link errors remain current _ _
1889,link errors remain current _ _
1890,link errors remain current _ _
1891,link errors remain current _ _
1892,link errors remain current _ _
1893,link errors remain current _ _
1894,link errors remain current _ _
1895,link errors remain current _ _
1896,link errors remain current _ _
1897,link errors remain current _ _
1898,link errors remain current _ _
1899,link errors remain current _ _
1900,link errors remain current _ _
1901,link errors remain current _ _
1902,link errors remain current _ _
1903,link errors remain current _ _
1904,link errors remain current _ _
1905,link errors remain current _ _
1906,link errors remain current _ _
1907,link errors remain current _ _
1908,link errors remain current _ _
1909,NIFF: node <*> has detected an available network connection on network <*> via interface <*>
1910,NIFF: node <*> has detected an available network connection on network <*> via interface <*>
1911,NIFF: node <*> has detected an available network connection on network <*> via interface <*>
1912,NIFF: node <*> has detected an available network connection on network <*> via interface <*>
1913,NIFF: node <*> has detected an available network connection on network <*> via interface <*>
1914,NIFF: node <*> has detected an available network connection on network <*> via interface <*>
1915,NIFF: node <*> has detected an available network connection on network <*> via interface <*>
1916,NIFF: node <*> has detected an available network connection on network <*> via interface <*>
1917,NIFF: node <*> has detected an available network connection on network <*> via interface <*>
1918,NIFF: node <*> has detected an available network connection on network <*> via interface <*>
1919,NIFF: node <*> has detected an available network connection on network <*> via interface <*>
1920,NIFF: node <*> has detected an available network connection on network <*> via interface <*>
1921,NIFF: node <*> has detected an available network connection on network <*> via interface <*>
1922,NIFF: node <*> has detected an available network connection on network <*> via interface <*>
1923,NIFF: node <*> has detected an available network connection on network <*> via interface <*>
1924,NIFF: node <*> has detected an available network connection on network <*> via interface <*>
1925,NIFF: node <*> has detected an available network connection on network <*> via interface <*>
1926,NIFF: node <*> has detected an available network connection on network <*> via interface <*>
1927,NIFF: node <*> has detected an available network connection on network <*> via interface <*>
1928,NIFF: node <*> has detected an available network connection on network <*> via interface <*>
1929,NIFF: node <*> has detected an available network connection on network <*> via interface <*>
1930,NIFF: node <*> has detected an available network connection on network <*> via interface <*>
1931,NIFF: node <*> has detected an available network connection on network <*> via interface <*>
1932,NIFF: node <*> has detected an available network connection on network <*> via interface <*>
1933,NIFF: node <*> has detected an available network connection on network <*> via interface <*>
1934,NIFF: node <*> has detected an available network connection on network <*> via interface <*>
1935,NIFF: node <*> has detected an available network connection on network <*> via interface <*>
1936,NIFF: node <*> has detected an available network connection on network <*> via interface <*>
1937,NIFF: node <*> has detected an available network connection on network <*> via interface <*>
1938,NIFF: node <*> has detected an available network connection on network <*> via interface <*>
1939,NIFF: node <*> has detected an available network connection on network <*> via interface <*>
1940,NIFF: node <*> has detected an available network connection on network <*> via interface <*>
1941,NIFF: node <*> has detected an available network connection on network <*> via interface <*>
1942,NIFF: node <*> has detected an available network connection on network <*> via interface <*>
1943,NIFF: node <*> has detected an available network connection on network <*> via interface <*>
1944,NIFF: node <*> has detected an available network connection on network <*> via interface <*>
1945,NIFF: node <*> has detected an available network connection on network <*> via interface <*>
1946,NIFF: node <*> has detected an available network connection on network <*> via interface <*>
1947,NIFF: node <*> has detected an available network connection on network <*> via interface <*>
1948,NIFF: node <*> has detected an available network connection on network <*> via interface <*>
1949,NIFF: node <*> has detected an available network connection on network <*> via interface <*>
1950,NIFF: node <*> has detected an available network connection on network <*> via interface <*>
1951,NIFF: node <*> has detected an available network connection on network <*> via interface <*>
1952,NIFF: node <*> has detected an available network connection on network <*> via interface <*>
1953,NIFF: node <*> has detected an available network connection on network <*> via interface <*>
1954,NIFF: node <*> has detected an available network connection on network <*> via interface <*>
1955,NIFF: node <*> has detected an available network connection on network <*> via interface <*>
1956,NIFF: node <*> has detected an available network connection on network <*> via interface <*>
1957,NIFF: node <*> has detected an available network connection on network <*> via interface <*>
1958,NIFF: node <*> has detected an available network connection on network <*> via interface <*>
1959,NIFF: node <*> has detected an available network connection on network <*> via interface <*>
1960,NIFF: node <*> has detected an available network connection on network <*> via interface <*>
1961,NIFF: node <*> has detected an available network connection on network <*> via interface <*>
1962,NIFF: node <*> has detected an available network connection on network <*> via interface <*>
1963,NIFF: node <*> has detected an available network connection on network <*> via interface <*>
1964,NIFF: node <*> has detected an available network connection on network <*> via interface <*>
1965,NIFF: node <*> has detected an available network connection on network <*> via interface <*>
1966,NIFF: node <*> has detected an available network connection on network <*> via interface <*>
1967,NIFF: node <*> has detected an available network connection on network <*> via interface <*>
1968,NIFF: node <*> has detected an available network connection on network <*> via interface <*>
1969,NIFF: node <*> has detected an available network connection on network <*> via interface <*>
1970,NIFF: node <*> has detected an available network connection on network <*> via interface <*>
1971,NIFF: node <*> has detected an available network connection on network <*> via interface <*>
1972,NIFF: node <*> has detected an available network connection on network <*> via interface <*>
1973,NIFF: node <*> has detected an available network connection on network <*> via interface <*>
1974,NIFF: node <*> has detected an available network connection on network <*> via interface <*>
1975,NIFF: node <*> has detected an available network connection on network <*> via interface <*>
1976,NIFF: node <*> has detected an available network connection on network <*> via interface <*>
1977,NIFF: node <*> has detected an available network connection on network <*> via interface <*>
1978,NIFF: node <*> has detected an available network connection on network <*> via interface <*>
1979,NIFF: node <*> has detected an available network connection on network <*> via interface <*>
1980,NIFF: node <*> has detected an available network connection on network <*> via interface <*>
1981,NIFF: node <*> has detected an available network connection on network <*> via interface <*>
1982,NIFF: node <*> has detected an available network connection on network <*> via interface <*>
1983,NIFF: node <*> has detected an available network connection on network <*> via interface <*>
1984,NIFF: node <*> has detected an available network connection on network <*> via interface <*>
1985,NIFF: node <*> has detected an available network connection on network <*> via interface <*>
1986,NIFF: node <*> has detected an available network connection on network <*> via interface <*>
1987,NIFF: node <*> has detected an available network connection on network <*> via interface <*>
1988,NIFF: node <*> has detected an available network connection on network <*> via interface <*>
1989,NIFF: node <*> has detected an available network connection on network <*> via interface <*>
1990,NIFF: node <*> has detected an available network connection on network <*> via interface <*>
1991,NIFF: node <*> has detected an available network connection on network <*> via interface <*>
1992,NIFF: node <*> has detected an available network connection on network <*> via interface <*>
1993,NIFF: node <*> has detected an available network connection on network <*> via interface <*>
1994,NIFF: node <*> has detected an available network connection on network <*> via interface <*>
1995,NIFF: node <*> has detected an available network connection on network <*> via interface <*>
1996,NIFF: node <*> has detected an available network connection on network <*> via interface <*>
1997,NIFF: node <*> has detected an available network connection on network <*> via interface <*>
1998,NIFF: node <*> has detected an available network connection on network <*> via interface <*>
1999,NIFF: node <*> has detected an available network connection on network <*> via interface <*>
